Ciudad,X,Y
Acambay,19.95389,-99.84306
Acolman,19.64146,-98.88145
Aculco,20.0982,-99.8281
Almoloya-de-Alquisiras,18.55,-100.30833
Almoloya-de-Juarez,19.37314,-99.83481
Almoloya-del-Rio,19.15861,-99.48861
Amanalco,19.86389,-99.71222
Amatepec,18.67563,-100.2429
Amecameca,19.11666,-98.75546
Apaxco,19.56326,-99.31564
Atenco,19.44735,
